{"media":{"disableImageZooming":false},"answers":[{"correct":false,"tipsAndFeedback":{"tip":"","chosenFeedback":"","notChosenFeedback":""},"text":"<div>sdjhshdh</div>\n"},{"correct":false,"tipsAndFeedback":{"tip":"","chosenFeedback":"","notChosenFeedback":""},"text":"<div>sduidyfuyydofyi</div>\n"}],"overallFeedback":[{"from":0,"to":100}],"behaviour":{"enableRetry":true,"enableSolutionsButton":true,"enableCheckButton":true,"type":"auto","singlePoint":false,"randomAnswers":true,"showSolutionsRequiresInput":true,"confirmCheckDialog":false,"confirmRetryDialog":false,"autoCheck":false,"passPercentage":100,"showScorePoints":true},"UI":{"checkAnswerButton":"Comprobar","submitAnswerButton":"Enviar","showSolutionButton":"Mostrar solución","tryAgainButton":"Intentar de nuevo","tipsLabel":"Mostrar pista","scoreBarLabel":"Has conseguido :num de un total de :total puntos","tipAvailable":"Pista disponible","feedbackAvailable":"Retroalimentación disponible","readFeedback":"Leer retroalimentación","wrongAnswer":"Respuesta incorrecta","correctAnswer":"Respuesta correcta","shouldCheck":"Debería haber sido marcada","shouldNotCheck":"No debería haber sido marcada","noInput":"Por favor responde antes de ver la solución","a11yCheck":"Revisa tus respuestas. Las respuestas se marcarán como correcta, incorrecta o sin contestar.","a11yShowSolution":"Mostrar la solución. La tarea se calificará con su solución correcta.","a11yRetry":"Vuelve a intentar la tarea. Borra todas tus respuestas y empieza de nuevo."},"confirmCheck":{"header":"¿Terminar?","body":"¿Seguro que quieres terminar ?","cancelLabel":"Cancelar","confirmLabel":"Terminar"},"confirmRetry":{"header":"¿Intentar de nuevo?","body":"¿Seguro que quieres volver a intentarlo?","cancelLabel":"Cancelar","confirmLabel":"Confirmar"},"question":"<p>sakjsklljd</p>\n"}