{"embedTypes":["iframe"],"language":"en","defaultLanguage":"es","license":"U","extraTitle":"Prueba","title":"Prueba","mainLibrary":"H5P.MultiChoice","preloadedDependencies":[{"machineName":"FontAwesome","majorVersion":4,"minorVersion":5},{"machineName":"H5P.JoubelUI","majorVersion":1,"minorVersion":3},{"machineName":"H5P.Transition","majorVersion":1,"minorVersion":0},{"machineName":"H5P.FontIcons","majorVersion":1,"minorVersion":0},{"machineName":"H5P.Question","majorVersion":1,"minorVersion":5},{"machineName":"H5P.MultiChoice","majorVersion":1,"minorVersion":16}]}